,title,internal_id,url,grade,description,responsibilities,qualifications,direction,sphere,company,publish_date
0,Java-разработчик в Invest Global,Nan,https://www.tinkoff.ru/career/it/back-end-razrabotka/java-razrabotchik-v-invest-global/,Middle,Тинькофф Инвестиции выходит на международные рынки! Перед нами стоят масштабные задачи по запуску нескольких брокеров в зарубежных юрисдикциях и масштабированию их в облачной инфраструктуре. Приглашаем вас присоединиться к стартапу со взрослыми процессами разработки и разработать платформенное решение для торговли финансовыми инструментами на самых современных технологиях!,"Проектирование надежных отказоустойчивых и переиспользуемых сервисов, способных функционировать под большими нагрузками. Разработка, тестирование и поддержка платформенных микросервисов в рамках кросс-функциональной команды. Активное взаимодействие с руководителем продукта, архитектором, аналитиками и инженерами тестирования для быстрой доставки качественных продуктовых фич. Проведение code review.","Опыт программирования на Java от 3 лет — мы используем Java 16. Навыки работы с базами данных, знание основ SQL — у нас PostgreSQL и разные NoSQL в зависимости от потребностей сервиса. Опыт работы с синхронными протоколами взаимодействия сервисов — у нас REST и gRPC. Опыт работы с любым из брокеров сообщений — у нас Kafka. Опыт написания тестов — у нас разработчики пишут модульные и интеграционные тесты, остальное пишут инженеры тестирования.",Backend,IT,Tinkoff,Nan
1,Ведущий Java-разработчик (Тинькофф Инвестиции),Nan,https://www.tinkoff.ru/career/it/back-end-razrabotka/vedushij-java-razrabotchik-tinkoff-investicii/,Senior,"Увеличиваем мощность разработки в Тинькофф Инвестициях и приглашаем в команду Ведущих Java-разработчиков! Тинькофф Инвестиции создали собственного уникального и технологичного онлайн-брокера, сделали самый сложный финансовый продукт доступным и удобным для всех. Сейчас перед нами стоят масштабные задачи по запуску нескольких брокеров в зарубежных юрисдикциях и масштабированию их в облачной инфраструктуре, глобализации социальных сервисов и сервисов привлечения клиентов, развитию учетных систем. Поэтому для новых побед и быстрого роста нам нужны эксперты бэкэнд - разработки.","Проектирование надежных отказоустойчивых сервисов, способных выдерживать большие нагрузки Оценка задач, разработка и поддержка платформенных микросервисов в рамках продуктовой кросс-функциональной команды Активное взаимодействие с руководителем продукта, архитектором, аналитиками, инженерами по обеспечению качества и SRE для быстрой доставки качественных продуктовых фич Проведение code review Мы используем: Java 11-17 / Kotlin, Spring (Data/Web/Boot/Security/..), PostgreSQL, Cassandra (и другие NoSQL), Kafka, Maven/Gradle,GitLab, Kubernetes.","Опыт программирования на Java от 5 лет Опыт разработки на Spring Framework Знание SQL, принципов работы реляционных и нереляционных БД Опыт работы с синхронными протоколами взаимодействия сервисов - REST, gRPC Опыт работы с любым из брокеров сообщений Опыт написания тестов (модульные, интеграционные)",Backend,IT,Tinkoff,Nan
2,Разработчик .NET в Тинькофф Бизнес,Nan,https://www.tinkoff.ru/career/it/back-end-razrabotka/dotnet-developer-business/,Senior,"Собираем команду для реализации нового сервиса на .NET в Тинькофф.Бизнес. Никакого legacy, много возможностей влиять на продукт на ранней стадии. Заложим первый кирпич в фундамент нового стека технологий в рамках управления, и сделаем его из самых совершенных инженерных практик. Тинькофф.Бизнес наращивает долю присутствия в сегменте среднего и крупного бизнеса, активно вовлеченного во внешнюю экономическую деятельность. Проект будет решать бизнес-задачу, в которую входит обработка данных, полученных из внешних интеграций, предоставление клиенту нотификаций и возможностей по просмотру и формированию документов на основе этих данных. А значит — повышенные требования к надежности, доступности, наблюдаемости и тестируемости.",Разработка проекта с микросервисной архитектурой Принятие активного участия в решении архитектурных вопросов Подготовка проектной документации Решение нестандартных задач,Иметь реальный опыт разработки приложений на .net Уверенно знать .NET Core Понимать принципы и способы интеграции с другими системами Владеть концепциями построения высоконагруженных сервисов Уметь работать с Git Знать SQL и иметь опыт работы с реляционными СУБД,Backend,IT,Tinkoff,Nan
3,Java-разработчик,Nan,https://www.tinkoff.ru/career/it/back-end-razrabotka/java/,Middle,"Сейчас мы расширяем команды и ищем разработчиков для развития нескольких сервисов: Инвестиции. Строим уникальный и технологичный брокер в России, сделав самый сложный финансовый продукт доступным и удобным всем. SME. Меняем стандарты подхода к ведению бухгалтерии, обмену документами между организациями, и работе с архивом — переводим все и вся в цифру. Страхование. Развиваем платформу прямых продаж. И наша цель — предсказуемый, удобный процесс для бизнеса и клиента. Платежные технологии и процессинг. Занимаемся разработкой и поддержкой платежного шлюза банка, в задачи которого входит определение типа платежа, наполнение его данными из других систем банка, проверка разрешенности операции. Мы используем: Java/Kotlin, Spring (Data/Web/Boot/Security), Hibernate, PostgreSQL, Maven, Gradle, TeamCity, Git.",Разработка внешних и внутренних продуктов Проработка и реализация интеграционных решений,"Опыт разработки на Java от 3-ех лет Опыт разработки на Spring Framework, Spring Boot Знание SQL и одной из реляционных СУБД Oracle или Postgres Опыт работы с системой контроля версий",Backend,IT,Tinkoff,Nan
4,Java-разработчик,Nan,https://www.tinkoff.ru/career/it/back-end-razrabotka/java-dev/,Senior,"Сейчас мы расширяем команды и ищем разработчиков для развития нескольких сервисов: Инвестиции. Строим уникальный и технологичный брокер в России, сделав самый сложный финансовый продукт доступным и удобным всем. SME. Меняем стандарты подхода к ведению бухгалтерии, обмену документами между организациями, и работе с архивом — переводим все и вся в цифру. Страхование. Развиваем платформу прямых продаж. И наша цель — предсказуемый, удобный процесс для бизнеса и клиента. Платежные технологии и процессинг. Занимаемся разработкой и поддержкой платежного шлюза банка, в задачи которого входит определение типа платежа, наполнение его данными из других систем банка, проверка разрешенности операции. Мы используем: Java/Kotlin, Spring (Data/Web/Boot/Security), Hibernate, PostgreSQL, Maven, Gradle, TeamCity, Git.",Разработка внешних и внутренних продуктов Проработка и реализация интеграционных решений,"Опыт разработки на Java от 5-ти лет Опыт разработки на Spring Framework, Spring Boot Знание SQL и одной из реляционных СУБД Oracle или Postgres Опыт работы с системой контроля версий",Backend,IT,Tinkoff,Nan
5,Golang-разработчик в Tinkoff Asia,Nan,https://www.tinkoff.ru/career/it/back-end-razrabotka/go-developer-asia/,Middle,"Тинькофф выходит на международный рынок. И Филиппины только начало. Вас ждет стартап с ресурсами крупной компании: экспертиза, финансовая поддержка и сильная менеджерская команда. Приглашаем создавать новую историю! Релокация не требуется, но возможна в будущем.",Разработка нагруженных backend-приложений Участие в проектировании внутренней архитектуры приложений CodeReview Разработка unit-тестов Проработка метрик в приложении для дальнейшей настройки мониторинга и алертинга Поддержка тестирования выполненных задач Соблюдение установленных сроков,"Опыт разработки на golang от 1 года Опыт разработки многопоточных приложений Опыт разработки web-сервисов (REST, gRPC, WebSocket) Опыт работы с реляционными базами данных (преимущественно postgresql) Опыт работы с нереляционными базами данных (преимущественно couchbase) Опыт работы с брокером сообщений (преимущественно kafka) Опыт работы с unix системами",Backend,IT,Tinkoff,Nan
6,Kotlin-разработчик,Nan,https://www.tinkoff.ru/career/it/back-end-razrabotka/kotlin-developer/,Middle,"Тинькофф Бизнес — это одна из компаний в группе Тинькофф. А ещё это набор сервисов, помогающих предпринимателям вести дела. Наше направление — кредиты и продукты b2g. 4 года назад мы начинали с выдачи небольших кредитов для малого бизнеса, а сейчас уже выдаём крупные суммы для среднего. Мы создаём и развиваем автоматизированные заявочные процессы выдачи кредитов для малого и среднего бизнеса на Kotlin, используя фреймворки Spring и Camunda. Наши данные хранятся в PostgreSQL, а код — в гите, мы собираем Docker-контейнеры с помощью Gradle и крутим их на Kubernetes. Мы ищем разработчика на Kotlin в нашу команду.","Реализовать бизнес-процессы с помощью BPM, Spring и Kotlin Делать код-ревью коллег Проектировать реализацию новых процессов",Опыт работы (или хотя бы знакомство) с Camunda приветствуется Опыт работы в Agile-командах приветствуется,Backend,IT,Tinkoff,Nan
7,Development Team Lead,Nan,https://www.tinkoff.ru/career/it/back-end-razrabotka/development-team-lead/,Senior,"Ищем тимлидов для развития проектов: — мобильный банк для физлиц, бизнеса и инвестиций; — нефинансовые сервисы внутри банка с помощью кросс-платформенных решений; — сервисы для Тинькофф Бизнеса: расчеты между юрлицами, поддержка эквайринга, сервисы бухгалтерии; — машинное обучение в продуктах и внутренние процессы компании, вкладываемся в долгосрочные исследования. Развиваем сервис телефонного ассистента Олега для защиты от спамеров и мошенников; — высоконагруженная и отказоустойчивая система Тинькофф Инвестиций, которая управляет активами пользователей, принимает запросы на операции с активами, обрабатывает информацию от биржи; — развитие ИТ в России: делимся опытом и приглашаем выступать экспертов из других компаний; — масштабируем существующие и создаем новые продукты на международном рынке.","Управление командой разработки (аналитики, разработчики, QA-инженеры), участие и принятие решений в найме определение стека разработки для новых сервисов найм сотрудников обсуждение требований и участие в планировании развития продукта проектирование архитектуры решений проработка архитектуры со смежными подразделениями","опыт работы в роли TeamLead команды разработки > 1 года опыт управления полноценной командой (аналитика-разработка-тестирование-delivery от аналитики до production) хорошее знание используемого стека разработки (нужно пройти собеседования по соответствующим секциям найма : .NET, Java, Python, Go, Frontend) опыт построения решений в микросервисной архитектуре опыт в проектировании систем (хорошая оценка в секции Дизайна)",Backend,IT,Tinkoff,Nan
8,ETL-разработчик (Streaming),Nan,https://www.tinkoff.ru/career/it/back-end-razrabotka/etl-developer-streaming/,Middle,"Ищем разработчика ETL на стриминговую платформу Tinkoff c Apache Flink под капотом, предназначенную для надежной непрерывной построчной (near real time) доставки результатов сложных аналитических расчетов пользователям.","Проектирование и разработка оптимальных streaming-процессов преобразования данных (ETL) для DWH Проектирование и разработка вспомогательных batch-процессов преобразования данных (ETL) с использованием SAS Написание скриптов на SQL и диалекте YAML Работа с различными базами и платформами данных: Kafka, Greenplum, Oracle, Hive, HBase, Clickhouse Разработка и практическое применение стандартов и best practices для построения оптимальных потоков платформы","Высшее техническое образование Свободное владение SQL Круто, если у тебя есть Опыт работы с базами данных / Kafka в качестве разработчика Понимание теории DWH и Streaming Architecture Понимание принципов построения ETL/ELT-процессов Знакомство с ETL-инструментами SAS, NiFi Опыт работы с Flink, Java, Greenplum, Oracle, Hive, HBase, Clickhouse, Kafka",Backend,IT,Tinkoff,Nan
9,Scala-разработчик,Nan,https://www.tinkoff.ru/career/it/back-end-razrabotka/scala/,Middle,"Tinkoff.ru ищет Scala разработчиков для создания инновационных 24/7 fintech-сервисов. В рамках проектов мы создаем высоконагруженные, асинхронные, отказоустойчивые, безопасные финансовые сервисы. И что важно — постоянно добавляем новый инновационный функционал. Проекты, в основном, представляют собой back-end и api для обслуживания наших клиентов через web, мобильные приложения и открытые api. Мы разрабатываем трейдинговую платформу, запустили мобильного оператора, ну и, конечно, развиваем сервисы для наших клиентов (POS-кредитование, малый и средний бизнес и т.д.) С учетом количества проектов используем практически весь scala-стек (в том числе стримы, коты, моникс и др.)","Проектировать и разрабатывать асинхронные, отказоустойчивые сервисы на Scala Участвовать в code review и писать тесты Проводить исследования и внедрять новые технологии","Продакшн опыт разработки приложений на Scala Опыт решения задач интеграции с другими системами Опыт работы с реляционными и документоориентированными СУБД Убежденность в важности тестов, code-review и командной работы Нацеленность на результат Желание создавать лучшие в России fintech-продукты",Backend,IT,Tinkoff,Nan
10,PL/SQL разработчик,Nan,https://www.tinkoff.ru/career/it/back-end-razrabotka/oracle-developer/,Middle,"Тинькофф — это огромная экосистема. Нашими клиентами уже стали 13 млн человек по всей России. Мы активно развиваемся, появляются новые продукты и сервисы, за которыми стоят разработчики и инженеры. Наши сервисы должны соответствовать высочайшим стандартам надежности и быстродействия. Поэтому сейчас мы ищем разработчика PL/SQL для усиления команд.","Участвовать в разработке интеграционных решений в рамках глобальной информационной инфраструктуры со смежными IT-системами (CRM-система, АБС, DWH, Портал) Участвовать в разработке внутри программного комплекса Процессингового центра: бэк-офис (выпуск, выдача и обслуживание всей продуктовой линейки банка, включая комиссионную составляющую и периодические процессы) и фронтальная часть (обработка авторизаций согласно логике работы продуктов) Участвовать в согласовании требований к разрабатываемому функционалу и самостоятельная проработка архитектурных решений Поддерживать разработанный функционала в качестве 3й линии Документировать собственные разработки","Отличное знаешь PL/SQL (Oracle 10g и выше) Понимаешь архитектуру oracle, основные структуры данных (индексы, таблицы), алгоритмы доступа к данным (index range/full/skip scan) и их соединения Знаешь SQL и имеешь опыт программирования на PL/SQL, умеешь писать оптимальный код и тестировать его, умеешь анализировать чужой код Имеешь опыт использования секционирования, работы с большими таблицами, oltp процессами, модификацией данных и структур на высоконагруженной БД Имеешь опыт проектирования высоконагруженных приложений, работающих 24/7 Будет плюсом Опыт работы с банковскими АБС (Инверсия XXI и подобные) Опыт работы в процессинге Опыт программирования на Java или желание изучить Java",Backend,IT,Tinkoff,Nan
11,Golang-разработчик в DevPlatform,Nan,https://www.tinkoff.ru/career/it/back-end-razrabotka/go-developer-devplatform-/,Middle,"DevPlatform — это новый внутренний продукт Тинькофф, призванный стандартизировать и формализовать лучшие практики поставки IT-ценности в группе компаний. Наша цель — дать разработчикам удобный набор инструментов для написания кода, запуска тестов, деплоя в production, который поможет им сфокусироваться на создании новых продуктов и фич, а не на изучении азов и практик DevOps. На этой позиции мы предлагаем заняться разработкой системы distributed tracing на основе открытых компонентов (Jaeger/OpenTelemetery Collector/Cassandra). Под разработкой мы понимаем продуктизацию сервисов сбора и хранения трейсов, создание подходящих под задачу алгоритмов хвостового семплирования, создание системы динамического управления проектными квотами, которая позволила бы нам сохранять полезные трейсы и отбрасывать заурядные.","Разработка инфраструктурного сервиса для сбора распределенных трейсов Дизайн и имплементация подходов к управлению нагрузкой: QoS на пропускную способность, динамическое/адаптивное семплирование и т.д. Разработка подходов к обеспечению надежности системы сбора трейсов, определение SLO/SLI Участие во внедрении распределенного трейсинга в том числе в создании каталога согласованных библиотек инструментализации под тех. радар Tinkoff","Опыт промышленной разработки Go (будет плюсом опыт на Java/Kotlin/C++ Понимание принципов архитектуры многокомпонентных систем и умение применять эти знания на практике (балансировка нагрузки, обеспечение отказоустойчивости и т.д.) Знание экосистемы CloudNative: K8s, Prometheus, Jaeger Опыт работы с: Cassandra, Elasticsearch, ClickHouse, Kafka в том числе умение посайзить инфраструктуру",Backend,IT,Tinkoff,Nan
12,Java developer (Tinkoff Asia),Nan,https://www.tinkoff.ru/career/it/back-end-razrabotka/java-developer-tinkoff-aziya/,Middle,"Тинькофф выходит на международный рынок. И Филиппины только начало. Вас ждет стартап с ресурсами крупной компании: экспертиза, финансовая поддержка и сильная менеджерская команда. Приглашаем создавать новую историю! Релокация не требуется, но возможна в будущем.","Разработка нового функционала и развитие существующего; Проработка и реализация интеграционных решений; Разработка платформенных микросервисов; Выявление, анализ и локализация ошибок в работе систем; Участие в разработке интеграционных решений в рамках глобальной информационной инфраструктуры со смежными IT-системами (CRM-системы, DWH, Личный Кабинет); Участие в разработке под нужды тестирования и сопровождения; Активное взаимодействие с заказчиками и командами разработки, тестирования, сопровождения;","Опыт программирования на Java от 3 лет; Опыт работы с Spring (Data/Web/Boot/Security); навыки работы с базами данных, знание основ SQL (PostgreSQL, Oracle); знания Git (Maven, Gradle); опыт написания тестов (юнитов или авто); работа с любым из брокеров сообщений (ActiveMQ, RabbitMQ, IBM MQ).",Backend,IT,Tinkoff,Nan
13,Business Data Engineer,Nan,https://www.tinkoff.ru/career/it/back-end-razrabotka/business-data-engineer/,Middle,"У нас в DWH очень много данных: 6000 объектов, 200 тб в Greenplum и 2 пт в Hadoop. С данными активно работают более 3000+ аналитиков в бизнес командах. На стороне команды DWH созданы инструменты, которые позволяют аналитику не зависеть от etl разработчика и самостоятельно собирать данные для своих задач. Сейчас мы ищем экспертов sql, готовых помогать аналитикам оптимально работать с данными. Наша инфраструктура •       Greenplum / Hadoop / Clickhouse в качестве ядра обработки данных •       Собственные решения на базе Apache Zeppelin, Apache Airflow и Apache Flink в качестве инструментов трансформации данных для аналитиков (selfservice etl) Мы не требуем знания этих инструментов от кандидатов. Наша задача сделать инструменты работы с данными максимально удобными и доступными. Но нам важно, чтобы кандидат на эту позицию имел большой опыт работы с данными.","Быть экспертом по данным: помогать аналитикам в решении вопросов с источниками данных, моделью данных DWH Разрабатывать витрины в помощь аналитикам Выступать заказчиком для разработки витрин в смежных командах Оптимизировать существующие запросы Внедрять и развивать культуру написания оптимальных запросов",Высшее техническое образование Опыт работы с базами данных в качестве разработчика от 1 года Свободное владение SQL Опыт проектирования объектов БД на основании бизнес требований Понимание теории СУБД и ETL-процессов Знакомство с ETL-инструментами будет плюсом,Backend,IT,Tinkoff,Nan
14,Haskell разработчик,Nan,https://www.tinkoff.ru/career/it/back-end-razrabotka/haskell-developer/,Middle,"Tinkoff Путешествия — это экосистема путешествий на базе платформы Tinkoff.ru. Мы разрабатываем all included сервис для путешественников, в котором можно покупать авиа- и ж/д- билеты, забронировать отель или машину, подобрать себе туры онлайн. Мы самое быстро-растущее travel-агентство сотрудничающее с Aviasales, Booking, One Two Trip, RentalCars, Travelata. Уже сейчас мы активно тесним лидеров рынка путешествий, используя самые передовые технологии IT и нашу любовь к клиентам! В наших ближайших планах: внедрение и развитие усовершенствованной онлайн службы поддержки клиентов Travel, продажа дополнительных услуг (страховки, багаж, места в самолете), продажа авиабилетов за мили и в кредит, гарантированные возвраты, регистрация на рейс, формирование fullstack-путешествия на основе предпочтений клиента. Именно поэтому наша команда Tinkoff.ru ищет Haskell-разработчиков, чтобы погрузиться в удивительный мир чистого функционального программирования на проект Tinkoff Travel.","Проектировать и разрабатывать новые фичи Заниматься увлекательной стриминговой обработкой данных Рефакторить с преобразованием в хорошую, правильную архитектуру Работать с чистым языком и с чистой системой эффектов в суровом production",Имеешь опыт работы на haskell в production от 1 года Знаешь concurrency Хочешь создавать лучшие продукты,Backend,IT,Tinkoff,Nan
15,Golang-разработчик в Инвестиции,Nan,https://www.tinkoff.ru/career/it/back-end-razrabotka/senior-go-developer-invest/,Senior,"Ищем коллегу в команду разработки сервисов финансовых инструментов (FIREG). FIREG — мастер-система по финансовым инструментам, которая хранит, агрегирует и транслирует информацию о финансовых инструментах внутренним системам брокера, а также предоставляет часть публичного API, связанную с информацией о фин. инструментах, для мобильных и веб-приложений Тинькофф Инвестиций. Главные челенджи команды связаны с широкой моделью данных и адаптацией решения к выходу на международную арену — это создает множество интересных с точки зрения архитектуры и проектирования задач.",Разработка нагруженных backend-приложений Участие в проектировании внутренней архитектуры приложений Code Review Разработка unit-тестов Проработка метрик в приложении для дальнейшей настройки мониторинга и алертинга Поддержка тестирования выполненных задач Участие в принятии архитектурных решений Соблюдение установленных сроков,"Опыт разработки на golang от 2 лет Опыт разработки многопоточных приложений Опыт разработки web-сервисов (REST, gRPC, WebSocket) Опыт работы с реляционными базами данных (преимущественно postgresql) и нереляционными базами данных (преимущественно couchbase, mongodb) Опыт работы с брокером сообщений (преимущественно kafka) Опыт работы с unix-системами",Backend,IT,Tinkoff,Nan
16,ML-инженер,Nan,https://www.tinkoff.ru/career/it/back-end-razrabotka/ml/,Middle,"Вакансия для тех, кто хочет заниматься разработкой и исследованиями в областях AI-powered decision-making, NLP или Product Analysis. Почему Тинькофф? Делаем жизнь миллионов людей лучше — ассистент Олег, социальная сеть Пульс, персонализированная lifestyle экосистема, предиктивные интерфейсы для finance management Даем возможность как закинуть наработки в прод на миллионы пользователей, так и делать исследования в своей области Есть выстроенные процессы и инфраструктура Тинькофф, но с отсутствием бюрократии больших организаций Фокус внутри компании на разработке в области искусственного интеллекта Есть лаборатория на Физтехе, с которой можно и нужно делать коллаборации Мало легаси и большой impact каждого разработчика","Изучение научных статей, генерирование гипотез, постановка экспериментов на их основе и донесение результатов до команды Улучшение качества моделей в различных сценариях Ускорение работы моделей с применением современных методов оптимизации и архитектур Написание воспроизводимого кода, оформление экспериментов в воспроизводимые пайплайны, включающие разметку и обработку данных, обучение моделей и валидацию системы в целом","Опыт разработки моделей машинного обучения с использованием современных DL фреймворков (Tensorflow, Pytorch, Keras, etc) и применения их в продакшене Глубокое понимание принципов работы современных алгоритмов машинного обучения Высокий уровень знания Python Умение декомпозировать задачу в переиспользуемые и тестируемые библиотеки и компоненты Хорошая теоретическая подготовка в областях математики, алгоритмов и структур данных, прикладной статистики Умение самостоятельно изучать научные статьи на английском языке и желание ставить эксперименты на их основе Практические знания Linux, Git, Bash, Docker",Backend,IT,Tinkoff,Nan
17,Разработчик Node.js,Nan,https://www.tinkoff.ru/career/it/back-end-razrabotka/middle-nodejs-developer/,Middle,"Делаем проекты для новых и текущих клиентов Тинькофф в коллабе с самыми известными брендами: например, с Бургер Кингом, S7, Додо Пиццей и Деливери Клабом. Создаем реально крутые интерактивные сайты с самыми разнообразными механиками: от простых лендингов с красивыми анимациями до сложных интерактивных трехмерных игр на Threejs, использующих биг-дату и геймификацию. На фронте у нас есть где разгуляться в креативном кодинге. А на бэкенде — раздолье для архитектора, так как мы должны уметь выдерживать нагрузки аудитории в несколько миллионов человек, поэтому используем бест-практисы и лучшие паттерны при проектировании архитектуры, пишем тесты и обязательно проводим нагрузочное совместно с отделом QA, а также придерживаемся принципа Infrastructure as Code.","Разрабатывать проекты разного уровня сложности, которыми будут пользоваться будущие и нынешние клиенты Тинькофф Участвовать в разработке проектов от идеи до закрытия Ревьюить код сторонних разработчиков и коллег Анализировать новые технологии и внедрять, когда это принесёт пользу проектам и команде Вести техническую документацию проектов и сервисов Участвовать в улучшении процессов команды разработки Искать и исправлять допущенные ошибки по обращениям в поддержку",Опыт промышленного программирования на Node.js Опыт работы с PostgreSQL и Redis или аналогичными БД Знание архитектуры веб-приложений Опыт написания unit-тестов,Backend,IT,Tinkoff,Nan
18,Golang-разработчик в команду Долями,Nan,https://www.tinkoff.ru/career/it/back-end-razrabotka/go-developer-bpnl-/,Middle,"Тинькофф первыми в России запустил BPNL-сервис Долями, позволяющий оплачивать онлайн-покупки не сразу, а частями. Сейчас мы ищем разработчика в команду B2B-платформы для наших партнеров, предоставляющей возможность self-service по продуктам из нашей экосистемы, которые они подключили. От вас потребуется писать и создавать масштабируемую и надежную архитектуру с высокими требованиями к доступности и нагрузке. Ждем тех, кто хочет работать в команде профессионалов над свежими решениями и активно развивающимися проектами!",Разработка B2B платформы Интеграция с API партнеров Написание unit/integration/end-to-end тестов Написание и поддержка документации,"Знание Go и опыт прод разработки от 2 лет Знание основных паттернов программирования Понимание архитектуры программного обеспечения, умение и опыт проектирования Опыт разработки микросервисов Опыт проектирования, разработки и интеграции REST/SOAP/JSON-RPC Знание git Будет плюсом Опыт разработки на Python, NodeJS, опыт с PostgreSQL, Kafka Опыт использования MongoDB и Redis",Backend,IT,Tinkoff,Nan
19,Разработчик ETL,Nan,https://www.tinkoff.ru/career/it/back-end-razrabotka/etl-developer/,Middle,"Мы ищем разработчика для создания ETL-процессов, поставляющих данные в единое аналитическое хранилище данных (DWH). Мы работаем с разнообразными источниками данных для хранилища: реляционными и нереляционными СУБД, различными файлами, веб-сервисами, брокерами сообщений.","Проектирование и разработка процессов преобразования данных (ETL) для хранилища данных Написание скриптов на SQL, Python Проектирование потоков данных Работа с различными базами и платформами данных: Greenplum, Oracle, SAS, Hadoop",Высшее техническое образование Опыт работы с базами данных в качестве разработчика от 1 года Свободное владение SQL Понимание теории СУБД и ETL-процессов Знакомство с ETL-инструментами будет плюсом,Backend,IT,Tinkoff,Nan
20,Разработчик Python,Nan,https://www.tinkoff.ru/career/it/back-end-razrabotka/python/,Middle,"В Тинькофф Python является одним из самых распространенных языков разработки. На нем мы пишем многие сложные и нагруженные проекты. Поэтому ищем опытных разработчиков Python, которые смогут привнести экспертизу и вывести наши продукты на новый уровень Нам всегда есть, что предложить начиная с внутренних проектов, заканчивая широко востребованными клиентскими продуктами",Проектирование компонентов систем Организация процесса разработки Написание и ревью кода Наставление менее опытных коллег,"Отличное знание Python 3 и опыт промышленной разработки на Python от трех лет Опыт многопоточного и асинхронного программирования Опыт работы с фреймворками: FastApi, Flask, Tornado Опыт работы с реляционными СУБД (PostgreSQL, Mysql) Опыт построения распределённых высоконагруженных сервисов Знание и применение паттернов проектирования",Backend,IT,Tinkoff,Nan
21,Golang-разработчик в DCO,Nan,https://www.tinkoff.ru/career/it/back-end-razrabotka/go-developer-dco-/,Middle,"В Тинькофф мы стараемся сделать наши продукты максимально удобными, понятными и эффективными. Неотъемлемой частью этого процесса является проведение A/B-тестов. Для этого используется разработанный внутри компании продукт — DCO. DCO — это система, способная в рантайме определить контекст клиента и, опираясь на него, сгенерировать персональный контент, что, в свою очередь, позволяет проводить тестирование различных гипотез и всячески кастомизировать наши продукты под конкретные группы клиентов. Используется в web-платформе, мобильном приложении и других продуктах, связанных с доставкой контента. Количество интеграций, как и нагрузка, растет регулярно — соответственно, у нас высокие требования по скорости и стабильности работы.",Разработка и поддержка бекэнда в условиях высокой нагрузки Интеграция с другими сервисами Тинькофф,"Знание Go и C++ Знание сетевого стека Знание примитивов синхронизации Знание алгоритмов и структур данных Будет плюсом Опыт разработки мультипоточных, асинхронных систем Опыт работы с Boost.asio и protobuf",Backend,IT,Tinkoff,Nan
22,Data Engineer (Asia),Nan,https://www.tinkoff.ru/career/it/back-end-razrabotka/data-engineer-asia/,Middle,"Тинькофф выходит на международный рынок. И Филиппины только начало. Вас ждет стартап с ресурсами крупной компании: экспертиза, финансовая поддержка и сильная менеджерская команда. Приглашаем создавать новую историю! Релокация не требуется, но возможна в будущем.",Участие в разработке ядра продуктов Data Platform Разработка и оптимизация процессов выгрузки данных,Знание Python Знание SQL Знание Spark Будет плюсом Опыт работы с DWH Опыт написания процессов загрузки данных (ETL) Опыт работы со stream (kafka/rabbit/pulsar/nats) Знание английского на уровне intermediate,Backend,IT,Tinkoff,Nan
23,Ведущий Scala-разработчик,Nan,https://www.tinkoff.ru/career/it/back-end-razrabotka/scala-senior/,Senior,"Tinkoff.ru ищет Scala разработчиков для создания инновационных 24/7 fintech-сервисов. В рамках проектов мы создаем высоконагруженные, асинхронные, отказоустойчивые, безопасные финансовые сервисы. И что важно — постоянно добавляем новый инновационный функционал. Проекты, в основном, представляют собой back-end и api для обслуживания наших клиентов через web, мобильные приложения и открытые api. Мы разрабатываем трейдинговую платформу, запустили мобильного оператора, ну и, конечно, развиваем сервисы для наших клиентов (POS-кредитование, малый и средний бизнес и т.д.) С учетом количества проектов используем практически весь scala-стек (в том числе стримы, коты, моникс и др.)","Проектировать и разрабатывать асинхронные, отказоустойчивые сервисы на Scala Участвовать в code review и писать тесты Проводить исследования и внедрять новые технологии","Продакшн опыт разработки приложений на Scala Опыт решения задач интеграции с другими системами Опыт работы с реляционными и документоориентированными СУБД Убежденность в важности тестов, code-review и командной работы Нацеленность на результат Желание создавать лучшие в России fintech-продукты",Backend,IT,Tinkoff,Nan
24,Data-инженер,Nan,https://www.tinkoff.ru/career/it/back-end-razrabotka/data-engineer-dataplatform/,Middle,"Мы создаем собственную платформу данных, которая включает в себя инструменты по получению, обработке, загрузке и визуализации данных. С помощью этих инструментов мы каждый день загружаем терабайты информации в единое хранилище данных (DWH), приводим ее к удобному виду, предоставляем нашим пользователям и даем возможность строить важные отчеты, графики, проводить анализ. Часть из этих инструментов мы разрабатываем с нуля, другую часть разрабатываем на основе opensource решений, таких как Apache Airflow, NiFi, Zepellin, Flink и других. В нашу команду нужны талантливые дата-инженеры, которые будут развивать продукты Data Platform.",Участие в разработке ядра продуктов Data Platform Разработка и оптимизация процессов выгрузки данных,"Знание одного из языков программирования: Python, Java, Go Знание основ ООП, теории алгоритмов, структур данных Знание SQL Опыт написания процессов загрузки данных (ETL) Будет плюсом знакомство с современными системами хранения данных: MPP, NoSQL Будет плюсом знакомство с: Pandas, Numpy, Groovy Исследовательский склад ума, любознательность, широкий кругозор, желание изучать новые технологии",Backend,IT,Tinkoff,Nan
25,Java-разработчик (Тинькофф Инвестиции),Nan,https://www.tinkoff.ru/career/it/back-end-razrabotka/java-razrabotchik-tinkoff-investicii/,Middle,"Тинькофф Инвестиции создали собственного уникального и технологичного онлайн-брокера, сделали самый сложный финансовый продукт доступным и удобным для всех. Сейчас перед нами стоят масштабные задачи по запуску нескольких брокеров в зарубежных юрисдикциях и масштабированию их в облачной инфраструктуре, глобализации социальных сервисов и сервисов привлечения клиентов, развитию учетных систем. Поэтому для новых побед и быстрого роста нам нужны опытные Java-разработчики.","Проектирование надежных отказоустойчивых сервисов, способных выдерживать большие нагрузки. Оценка задач, разработка и поддержка платформенных микросервисов в рамках продуктовой кросс-функциональной команды. Активное взаимодействие с руководителем продукта, архитектором, аналитиками, инженерами по обеспечению качества и SRE для быстрой доставки качественных продуктовых фич. Проведение code review. Мы используем: Java 11-17 / Kotlin, Spring (Data/Web/Boot/Security/..), PostgreSQL, Cassandra (и другие NoSQL), Kafka, Maven/Gradle,GitLab, Kubernetes.","Опыт программирования на Java от 3 лет. Опыт разработки на Spring Framework. Знание SQL, принципов работы реляционных и нереляционных БД. Опыт работы с синхронными протоколами взаимодействия сервисов - REST, gRPC. Опыт работы с любым из брокеров сообщений. Опыт написания тестов (модульные, интеграционные).",Backend,IT,Tinkoff,Nan
26,Frontend-разработчик (Angular),Nan,https://www.tinkoff.ru/career/it/front-end-razrabotka/frontend-developer-angular/,Middle,"В Tinkoff.ru большое Angular комьюнити из более чем 100 профессиональных разработчиков. Мы разрабатываем десятки SPA приложений в следующих бизнес-линиях: Тинькофф.Бизнес — экосистема для предпринимателей, включающая в себя более 20 сервисов для бизнеса Тинькофф.CRM — CRM, в которой проходят многие процессы компании, начиная от обслуживания клиентов и заканчивая управлением бизнесом Weboffice — онлайн-сервис, позволяющий удаленным сотрудникам обслуживать клиентов tinkoff.ru прямо в браузере А еще: мессенджер, разные HR-проекты, BPM и многое другое При разработке мы используем современные технологии и инструменты, об этом подробнее можно почитать в нашем блоге на habr.com Мы вносим свой вклад в opensource проекты, ознакомиться с ними можно в нашем пространстве github",Разработка SPA приложений для проектов Tinkoff.ru Участие в командной разработке Совершенствование технических инструментов Внедрение новых технологий и практик,"Уверенное знание основ JavaScript Опыт работы с Angular Опыт работы в Agile-команде Понимание работы веб-приложений (HTTP протокол, REST API) Умение проводить качественное код-ревью",Frontend,IT,Tinkoff,Nan
27,Frontend-разработчик (Angular),Nan,https://www.tinkoff.ru/career/it/front-end-razrabotka/senior-frontend-developer-angular/,Senior,"В Tinkoff.ru большое Angular комьюнити из более чем 100 профессиональных разработчиков. Мы разрабатываем десятки SPA приложений в следующих бизнес-линиях: Тинькофф.Бизнес — экосистема для предпринимателей, включающая в себя более 20 сервисов для бизнеса Тинькофф.CRM — CRM, в которой проходят многие процессы компании, начиная от обслуживания клиентов и заканчивая управлением бизнесом Weboffice — онлайн-сервис, позволяющий удаленным сотрудникам обслуживать клиентов tinkoff.ru прямо в браузере А еще: мессенджер, разные HR-проекты, BPM и многое другое При разработке мы используем современные технологии и инструменты, об этом подробнее можно почитать в нашем блоге на habr.com Мы вносим свой вклад в opensource проекты, ознакомиться с ними можно в нашем пространстве github",Разработка SPA приложений для проектов Tinkoff.ru Участие в командной разработке Совершенствование технических инструментов Внедрение новых технологий и практик,"Уверенное знание основ JavaScript Опыт работы с Angular Опыт работы в Agile команде Понимание работы веб-приложений (HTTP протокол, REST API) Умение проводить качественное код-ревью",Frontend,IT,Tinkoff,Nan
28,Frontend-разработчик (React),Nan,https://www.tinkoff.ru/career/it/front-end-razrabotka/senior-frontend-developer-react/,Senior,"Интерфейсами, которые мы пишем на React, пользуются миллионы людей ежедневно — от интернет-банка до поиска авиарейсов и отелей, от инвестиций до покупки билетов в кино и бронирования ресторанов, от обучающих курсов Тинькофф Журнала до терминалов и банкоматов. Инструменты тоже пишем мы сами — админки, конструкторы страниц и целых сайтов, микросервисы и бэкенды на node.js, полноценный UI-Kit и набор внутренних библиотек. Как мы работаем В большинстве команд используем общий стек: технический радар Тинькофф Проводим регулярные (но не слишком частые) общие встречи внутреннего фронтенд-сообщества Не строим процессы ради процессов Поощряем участие каждого в развитии продуктов и инструментов Не стесняемся активно выступать и писать статьи Место жительства не важно: мы успешно взаимодействуем и работаем как удаленно, так и из офисов в России и Беларуси.","Разрабатывать клиентские и внутренние интерфейсы и сопутствующие инструменты Непрерывно обучаться, совершенствовать свои знания и навыки Внедрять новые технологии и практики",Необходимый минимум Отличные знания JavaScript Опыт работы с React Понимание современного стека web-разработки Готовность работать в распределенной команде Плюсом будут Навыки работы с CI/CD (gitlab) Знания и опыт работы с TypeScript Навыки написания Unit-тестов Опыт работы с Node.js,Frontend,IT,Tinkoff,Nan
29,Бизнес-аналитик в отчетность DWH,Nan,https://www.tinkoff.ru/career/it/analitika/analyst-dwh/,Middle,"Тинькофф — это своя экосистема: инвестиции, путешествия, обслуживание бизнеса, страхование, мобильный оператор, развлечения и много другое. Тинькофф - по настоящему data driven организация. В принятии решений сотрудники ориентируются в первую очередь на данные. DWH платформа - это центр сосредоточения данных, где можно посмотреть любые их срезы и построить аналитику. Более 250 разных источников, 6 000 процессов загрузки и обработки данных, 3000 уникальных пользователей. Чтобы работать с таким объемам данных мы используем инструменты: Apache Zeppelin, SAP BO, Tableau и ряд продуктов собственной разработки.","Погружение в инфраструктуру и процессы Сбор бизнес-требований от внутренних заказчиков Поиск данных, отвечающих на поставленные заказчиком вопросы Формирование целевого прототипа Визуализация отчета\дашборда в подходящем инструменте","Уверенный SQL Опыт работы от 1 года Высшее техническое/математическое образование Аналитический склад ума, структурированность изложения мыслей Навыки командной работы и умение быстро находить общий язык с людьми",Аналитика,IT,Tinkoff,Nan
30,Дизайнер продукта,Nan,https://www.tinkoff.ru/career/it/dizajn/dizajner-produkta/,Middle,"Тинькофф ищет талантливых людей, готовых взяться за решение интересных и нетривиальных задач. Мы вносим свой весомый вклад в развитие финансовых сервисов, которыми ежедневно пользуются сотни тысяч клиентов. Если вы готовы развивать и развиваться — мы будем рады видеть вас в нашей команде!","Изучать пользовательский опыт, предлагать, защищать и реализовывать его улучшения Анализировать, выстраивать коммуникации, исследовать, декомпозировать, проектировать Улучшать даже то, что уже хорошо Получать удовольствие от работы и своих достижений Много общаться: с командой, дизайнерами других направлений, бизнес-заказчиками, разработчиками Выстраивать эффективную коммуникацию между дизайн-командой и внутренними заказчиками","Опыт продуктового дизайна от 2-х лет Сильные менеджерские скиллы Умение вести сразу несколько проектов и легко переключаться между задачами разного масштаба Знание Figma и необходимых программ для выполнения проектов (мы работаем в Slack, Figma, Jira, Confluence) Изучать пользовательский опыт, предлагать, защищать и реализовывать его улучшения Обладать не только креативным, но и системным мышлением Понимать и применять продуктовые подходы к дизайну Понимать и знать продуктовые метрики",Дизайн,IT,Tinkoff,Nan
31,Дизайнер мобильных приложений,Nan,https://www.tinkoff.ru/career/it/dizajn/dizajner-mobilnyh-prilozhenij/,Middle,"Тинькофф ищет талантливых людей, готовых взяться за решение интересных и нетривиальных задач. Мы вносим свой весомый вклад в развитие финансовых сервисов, которыми ежедневно пользуются сотни тысяч клиентов. Если вы готовы развивать и развиваться — мы будем рады видеть вас в нашей команде!",Создание и доработка дизайна финансовых мобильных приложений для различных платформ Проектирование интерфейсов,"Опыт работы в области дизайна и проектирования интерфейсов (UI/UX) от 3-х лет Общее представление о технической стороне мобильной разработки Знание гайдлайнов популярных мобильных платформ (iOS, Android) Опыт в проектировании интерфейсов мобильных приложений Знание тенденций на рынке мобильных сервисов Будет плюсом Если ты в жизни активно пользуешься разными гаджетами на разных ОС Не боишься предлагать свои решения",Дизайн,IT,Tinkoff,Nan
32,Системный инженер,Nan,https://www.tinkoff.ru/career/it/infrastruktura-administrirovanie/sistemnyj-inzhener/,Senior,"Команда Тинькофф открывает вакансию Системный инженер. В поиске профессионала, который мог бы обеспечивать высокое качество и отличный результат. Если ты готов расти и развиваться с нами — мы будем рады видеть тебя в нашей компании!","Проекты и задачи по обеспечению отказоустойчивости и безопасности инфраструктуры Microsoft инфраструктуры (AD, DNS, ADFS, Exchange, MS SQL, Azure, Office 365, Intune, Defender, …) Автоматизация развертывания и поддержки сервисов (PowerShell/DSC, Python, Go, …) Документирование процедур, регламентов, наполнение базы знаний Диагностика и устранение проблем (troubleshooting)","Опыт управления Windows инфраструктурой (AD, Exchange, SQL Server и т.д.) Опыт автоматизации на powershell (python, C#, Go также приветствуются) Плюсом будет опыт работы с антиспам-решениями Опыт использования систем мониторинга и сбора логов: Zabbix, Prometheusr, SCOM, Graphana, ELK-stack. Понимание основных принципов построения отказоустойчивых и распределенных систем Желателен опыт использования подхода Infrastructure as code Желателен опыт работы с облачной инфраструктурой Azure и сервисами Office365 Автономность, способность самостоятельно вести сложные проекты и задачи",Инфраструктура/Администрирование,IT,Tinkoff,Nan
33,Site Reliability Engineer (Tinkoff Asia),Nan,https://www.tinkoff.ru/career/it/infrastruktura-administrirovanie/sre-asia/,Middle,"Тинькофф выходит на международный рынок. И Филиппины только начало. Вас ждет стартап с ресурсами крупной компании: экспертиза, финансовая поддержка и сильная менеджерская команда. Приглашаем создавать новую историю! Релокация не требуется, но возможна в будущем Важнейшая часть нашей команды — SRE-инженеры. Мы рады видеть тебя в нашей команде, и не так важен твой уровень (от middle до lead), как важно то, что ты будешь работать с нами",Главная задача SRE — бесперебойная работа сервисов Вторая задача SRE — автоматизация своей работы Третья задача SRE — делать продакшен лучше,"Ты умеешь в Linux на уровне системного администратора Имеешь опыт работы с AWS Неплохо ориентируешься в IT: сети, работа с данными, протоколы интернета, RPC и т. д. Во время сбоя можешь быстро принимать решения, не теряешься и не сдаешься Умеешь автоматизировать свою работу Умеешь общаться с коллегами (да, мы понимаем, что иногда это сложно) Есть опыт работы c: Git Cистемами мониторинга Агрегаторами логов (Splunk, ELK, Graylog и т.п.)",Инфраструктура/Администрирование,IT,Tinkoff,Nan
34,Инженер OpenStack,Nan,https://www.tinkoff.ru/career/it/infrastruktura-administrirovanie/openstack/,Middle,"OpenStack в Tinkoff.ru — это основная инфраструктура для большинства тестовых окружений, основные потребители которых — сотрудники DevOps различных подразделений, тестировщики и разработчики.","Развертывание, настройка и поддержка окружений OpenStack Улучшение отказоустойчивости сервиса Автоматизация процессов в ОС GNU/Linux Разработка и поддержка плагинов и дополнительных сервисов в рамках OpenStack","Опыт работы и понимание принципов работы OpenStack Глубокие навыки и опыт администрирования ОС GNU/Linux (Ubuntu, CentOS, RHEL) Опыт работы с гипервизором KVM Опыт работы с БД MySQL, знание Oracle будет плюсом Опыт использования систем автоматизации (Ansible, Puppet) Опыт организации процесса CI/CD (навыки работы с Jenkins, Gitlab) Опыт выявления и устранения неисправностей (от железа до прикладного уровня) Опыт построения систем мониторинга и резервного копирования Опыт построения кластерных систем Понимание концепции SDN и опыт работы с какой-либо реализацией (большой плюс – Juniper Contrail) Опыт написания скриптов и приложений на Python, Bash",Инфраструктура/Администрирование,IT,Tinkoff,Nan
35,Сетевой инженер,Nan,https://www.tinkoff.ru/career/it/infrastruktura-administrirovanie/setevoj-inzhener/,Senior,"Команда Тинькофф открывает вакансию Сетевой инженер. В поиске профессионала, который мог бы обеспечивать высокое качество и отличный результат. Если ты готов расти и развиваться с нами — мы будем рады видеть тебя в нашей компании!",Развитие и автоматизация инфраструктурных сервисов • Эксплуатация сервисов балансировки нагрузки • Выстраивание процессов CI/CD • Работа с сетевым оборудованием,"• Навыки и опыт администрирования Unix-систем • Опыт работы с сетевым оборудованием Juniper/Cisco и других производителей • Уверенные знания в области динамической маршрутизации • Понимание стека ТСP/IP • Опыт программирования, Python • Опыт работы с высоконагруженными системами Приветствуется опыт и желание развиваться в следующих областях: • Infrastructure as code • Gitlab и CI/CD • Решения балансировки нагрузки HAProxy/Nginx/Envoy/etc. • Решения в области защиты от DDoS",Инфраструктура/Администрирование,IT,Tinkoff,Nan
36,SRE (Invest Global),Nan,https://www.tinkoff.ru/career/it/infrastruktura-administrirovanie/sre-invest-global/,Senior,Тинькофф Инвестиции выходит на международные рынки! Перед нами стоят масштабные задачи по запуску нескольких брокеров в зарубежных юрисдикциях и масштабированию их в облачной инфраструктуре. Приглашаем вас присоединиться к стартапу со взрослыми процессами разработки и разработать платформенное решение для торговли финансовыми инструментами на самых современных технологиях!,"Обеспечение непрерывной работы сервисов под высокой нагрузкой в AWS и GCP Автоматизация рутинных задач и предоставление инструментов для продуктовых команд Масштабирование и обеспечение надежности, высокой доступности и производительности сервисов и инфраструктуры","Уверенное владение Linux на уровне системного администратора Опыт работы с публичными облаками — у нас AWS и GCP Понимание принципов работы сетей и протоколов взаимодействия приложений, навыки диагностики проблем с ними Опыт автоматизации работы с использованием скриптовых языков Опыт использования систем мониторинга и агрегаторов журналов событий приложений",Инфраструктура/Администрирование,IT,Tinkoff,Nan
37,Site Reliability Engineer,Nan,https://www.tinkoff.ru/career/it/infrastruktura-administrirovanie/sre/,Middle,"Тинькофф — большая, быстрорастущая IT-компания. Мы — это Банк, Инвестиции, Страховая, Мобильный оператор, Облачный колл-центр и даже ML-технологии Важнейшая часть нашей команды — SRE-инженеры. Мы рады видеть тебя в нашей команде, и не так важен твой уровень (от middle до lead), как важно то, что ты будешь работать с нами",Главная задача SRE — бесперебойная работа сервисов Вторая задача SRE — автоматизация своей работы Третья задача SRE — делать продакшен лучше,"Ты умеешь в Linux на уровне системного администратора Неплохо ориентируешься в IT: сети, работа с данными, протоколы интернета, RPC и т. д. Во время сбоя можешь быстро принимать решения, не теряешься и не сдаешься Умеешь автоматизировать свою работу Умеешь общаться с коллегами (да, мы понимаем, что иногда это сложно) Есть опыт работы c: Git Cистемами мониторинга Агрегаторами логов (Splunk, ELK, Graylog и т.п.)",Инфраструктура/Администрирование,IT,Tinkoff,Nan
38,AWS security specialist,Nan,https://www.tinkoff.ru/career/it/informacionnaya-bezopasnost/aws-security-specialist/,Middle,"Тинькофф ищет талантливых людей, готовых взяться за решение интересных и нетривиальных задач. Мы вносим свой весомый вклад в развитие финансовых и нефинансовых сервисов, которыми ежедневно пользуются более 3 миллионов клиентов.",Участвовать в процессе переноса сервисов в облачную инфраструктуру со стороны инфраструктурной безопасности Участвовать в описании угроз и рисков ИБ Участвовать в разработке процессов информационный безопасности направленных на снижение рисков ИБ Внедрять средства ИБ и участвовать в их эксплуатации,"Практический опыт работы с инфраструктурой облачных провайдеров от 5 лет (AWS, Azure, GCP, Yandex Cloud) Опыт переноса существующих сервисов в облачную инфраструктуру Опыт написания скриптов Python, Bash, PowerShell и т.д. Практические навыки использования инструментов безопасности в этих облаках будут плюсом Практический опыт приведения облачной инфраструктуры к соответствию требованиям стандартов PCI DSS, ISO 27001 будет плюсом",Информационная безопасность,IT,Tinkoff,Nan
39,DevSecOps специалист,Nan,https://www.tinkoff.ru/career/it/informacionnaya-bezopasnost/devsecops-specialist/,Middle,"Тинькофф ищет талантливых людей, готовых взяться за решение интересных и нетривиальных задач. Мы вносим свой весомый вклад в развитие финансовых и нефинансовых сервисов, которыми ежедневно пользуются больше 3 миллионов клиентов.","Развивать направление, составлять roadmap и повышать культуру DevSecOps в компании Помогать Devops с безопасной настройкой Istio и ServiceMesh, настройки Kubernetes (EKS) с точки зрения безопасности Взаимодействие с DevOps, передача сервисов под их поддержку и обучение принципам безопасности Внедрение OPA и анализаторов безопасности конфигураций виртуализации Настройка безопасности CI/CD и повышения безопасности решений, которые используют DevOps - Terraform, Ansible и т.п. Внедрение Security сканеров в пайплайны Автоматизация процессов безопасности Написание Terraform для сервисов безопасности","Знание базовых принципов подходов DevOps (CI / CD) Опыт работы с Kubernetes или другими средствами оркестрации Опыт работы с системами управления конфигурациями Ansible/Terraform/Chef и т.п. Опыт администрирования веб серверов и баз данных Знание стека протоколов TCP / IP и понимание модели OSI Понимание принципов микросервисной архитектуры приложений Опыт работы с системами контроля версий (SVN, Git) Опыт работы с облаками (AWS, Azure) Security Опыт анализа инфраструктуры на предмет рисков информационной безопасности и их устранение/митигации Опыт автоматизации процессов управления и разграничения доступов Опыт администрирования SIEM систем (ELK, Graylog, Splunk) Опыт внедрения систем управления Vault и систем контроля привилегированных пользователей (Balabit, CyberArk, Teleport) Опыт работы с Security сканерами и внедрение их пайплайны Понимание принципов SSDLC Будет плюсом Знание принципов работы безопасного Service Mesh и ZeroTrust Опыт работы с Open Policy Agent, написание правил на языке REGO и внедрение для различных систем Опыт разработки ПО на Go/Python",Информационная безопасность,IT,Tinkoff,Nan
40,Application Security Expert (Offensive),Nan,https://www.tinkoff.ru/career/it/informacionnaya-bezopasnost/application-security-expert-offensive/,Middle,"Tinkoff.ru ищет талантливых людей, готовых взяться за решение интересных и нетривиальных задач. Мы вносим свой весомый вклад в развитие финансовых сервисов, которыми ежедневно пользуются сотни тысяч клиентов. Если вы готовы развивать и развиваться — мы будем рады видеть вас в нашей команде!",Проведение аудитов безопасности приложений и сервисов Взаимодействие с продуктовыми командами для разбора и устранения найденных уязвимостей Автоматизация процессов безопасности Заниматься исследовательской деятельностью в области информационной безопасности (Security Research) Развитие Bug-Bounty программы Строить вместе процесс безопасной разработки ПО (Security SDLC),"Практический опыт анализа приложений Опыт работы с инструментами анализа безопасности приложений (Burp/Semgrep) Умение читать код на различных языках (Java/JS/Python) Умение анализировать исходный код на предмет наличия уязвимостей Практическое понимание всех распространенных техник эксплуатации Не только понимаете, как работают угрозы из OWASP Top 10, OWASP Mobile Top 10, CWE Top 25, но можете рассказать, как их устранить и не допускать в будущем Понимание принципов работы современных веб-приложений, микросервисной архитектуры Участие в bug-bounty будет большим плюсом",Информационная безопасность,IT,Tinkoff,Nan
41,Старший разработчик Android,Nan,https://www.tinkoff.ru/career/it/mobilnaya-razrabotka/senior-android-developer/,Senior,"Мы создаем приложения для мобильных устройств. Над ними работает более 20 команд: core-команды базовых технологий, фича-команды, финансовые команды и другие. Мы пишем приложения с высокой степенью надежности и постоянно улучшаем производительность, чтобы миллионам клиентов было удобно. Мы ждем тех, кто вместе с нами будет улучшать работу приложений Тинькофф, создавать продукты без сбоев — легкие и удобные, которыми готовы пользоваться сами. Линейка наших продуктов объемная, но культура и процессы общие.",Разрабатывать и поддерживать новый функционал продукта Вместе с командой развивать архитектуру проекта Автоматизировать разработку и тестирование Проводить Code Review,"Занимались коммерческой разработкой больше 2 лет Умеете работать с Android Studio и активно используете Kotlin в повседневной разработке Умеете проектировать клиент-серверное взаимодействие Создаете кастомные UI-компоненты Знаете ООП и структуры данных Умеете работать с Git Знакомы с MVVM и MVI Знаете Gradle, опыт написания своих плагинов будет плюсом Понимание CI/CD и опыт его настройки добавит вам очков",Мобильная разработка,IT,Tinkoff,Nan
42,Разработчик iOS (Тинькофф Инвестиции),Nan,https://www.tinkoff.ru/career/it/mobilnaya-razrabotka/ios-developer-invest/,Middle,"Увеличиваем мощность мобильной разработки в Тинькофф Инвестициях и приглашаем в команду! Тинькофф Инвестиции создали собственного уникального и технологичного онлайн-брокера и сделали самый сложный финансовый продукт доступным и удобным для всех. 1 млн клиентов ежедневно пользуется мобильным приложением Тинькофф Инвестиций. В среднем каждый из них проводит около 30 минут в день, совершается больше миллиона сделок. По этому показателю мы один из крупнейших брокеров в мире. Стремимся долгосрочно сотрудничать с пользователем, разрабатываем свои образовательные программы и придумываем новые нестандартные фичи. Большое количество амбициозных проектов заставляет нас постоянно увеличивать мощность разработки. Сейчас мы усиливаем команду мобильной разработки, поэтому нам актуальны и junior, и middle, и senior разработчики.",Разработка приложения Тинькофф Инвестиций Развитие и документирование библиотеки компонентов мобильных приложений Разработка и поддержка нового функционала продукта Проведение Code Review Развитие архитектуры проекта вместе с командой Участие в принятии технических решений,"Знание Swift — понимание ARC, GCD Опыт работы с CocoaPods. Основные фреймворки — UIKit, Core Data Умение работать с Git Английский язык на уровне понимания технической литературы Опыт разработки приложений, использующих сетевое взаимодействие Понимание интеграции клиентского приложения в существующую систему Знание паттернов проектирования и понимания принципов SOLID Умение работать в команде",Мобильная разработка,IT,Tinkoff,Nan
43,Старший разработчик iOS,Nan,https://www.tinkoff.ru/career/it/mobilnaya-razrabotka/senior-ios-developer/,Senior,"Мы создаем приложения для мобильных устройств. Над ними работает более 20 команд: core-команды базовых технологий, фича-команды, финансовые команды и другие. Мы пишем приложения с высокой степенью надежности и постоянно улучшаем производительность, чтобы миллионам клиентов было удобно. Мы ждем тех, кто вместе с нами будет улучшать работу приложений Тинькофф, создавать продукты без сбоев — легкие и удобные, которыми готовы пользоваться сами. Линейка наших продуктов объемная, но культура и процессы общие.",Разрабатывать и поддерживать функционал продукта Вместе с командой развивать архитектуру проекта Автоматизировать разработку и тестирование Проводить Code Review,"Занимались iOS-разработкой больше 2 лет Знаете Swift и Xсode Умеете проектировать клиент-серверное взаимодействие Создавали кастомные UI-компоненты Знаете ООП и структуры данных Знаете и понимаете инструменты GCD Знакомы с MVP и MVVM Понимаете CI/CD, опыт его настройки будет плюсом Опыт работы с fastlane тоже добавит вам очков",Мобильная разработка,IT,Tinkoff,Nan
44,Разработчик Android (Тинькофф Инвестиции),Nan,https://www.tinkoff.ru/career/it/mobilnaya-razrabotka/android-developer-invest/,Middle,"Увеличиваем мощность мобильной разработки в Тинькофф Инвестициях и приглашаем в команду! Тинькофф Инвестиции создали собственного уникального и технологичного онлайн-брокера и сделали самый сложный финансовый продукт доступным и удобным для всех. 1 млн клиентов ежедневно пользуется мобильным приложением Тинькофф Инвестиций. В среднем каждый из них проводит около 30 минут в день, совершается больше миллиона сделок. По этому показателю мы один из крупнейших брокеров в мире. Стремимся долгосрочно сотрудничать с пользователем, разрабатываем свои образовательные программы и придумываем новые нестандартные фичи. Большое количество амбициозных проектов заставляет нас постоянно увеличивать мощность разработки. Сейчас мы усиливаем команду мобильной разработки, поэтому нам актуальны и junior, и middle, и senior разработчики.","Разработка приложения Тинькофф Инвестиций в стеке Kotlin, RxJava2, Room, Dagger 2, Retrofit, Glide Развитие и документирование библиотеки компонентов мобильных приложений Разработка и поддержка нового функционала продукта Проведение Code Review Развитие архитектуры проекта вместе с командой Участие в принятии технических решений","Знание Kotlin, MVP/MVI Опыт работы с RxJava2, Room, Dagger 2, Androidx components, Retrofit/Scarlet Умение работать с Git Английский язык на уровне понимания технической литературы Опыт разработки приложений, использующих сетевое взаимодействие Понимание интеграции клиентского приложения в существующую систему Знание паттернов проектирования и понимания принципов SOLID Умение работать в команде",Мобильная разработка,IT,Tinkoff,Nan
45,Разработчик Android,Nan,https://www.tinkoff.ru/career/it/mobilnaya-razrabotka/android-developer/,Middle,"Мы создаем приложения для мобильных устройств. Над ними работает более 20 команд: core-команды базовых технологий, фича-команды, финансовые команды и другие. Мы пишем приложения с высокой степенью надежности и постоянно улучшаем производительность, чтобы миллионам клиентов было удобно. Мы ждем тех, кто вместе с нами будет улучшать работу приложений Тинькофф, создавать продукты без сбоев — легкие и удобные, которыми готовы пользоваться сами. Линейка наших продуктов объемная, но культура и процессы общие.",Разрабатывать и поддерживать новый функционал продукта Вместе с командой развивать архитектуру проекта Автоматизировать разработку и тестирование Проводить Code Review,"Занимались коммерческой разработкой больше 2 лет Умеете работать с Android Studio и активно используете Kotlin в повседневной разработке Умеете проектировать клиент-серверное взаимодействие Создаете кастомные UI-компоненты Знаете ООП и структуры данных Умеете работать с Git Знакомы с MVVM и MVI Знаете Gradle, опыт написания своих плагинов будет плюсом Понимание CI/CD и опыт его настройки добавит вам очков",Мобильная разработка,IT,Tinkoff,Nan
46,Разработчик iOS,Nan,https://www.tinkoff.ru/career/it/mobilnaya-razrabotka/ios-dev/,Middle,"Мы создаем приложения для мобильных устройств. Над ними работает более 20 команд: core-команды базовых технологий, фича-команды, финансовые команды и другие. Мы пишем приложения с высокой степенью надежности и постоянно улучшаем производительность, чтобы миллионам клиентов было удобно. Мы ждем тех, кто вместе с нами будет улучшать работу приложений Тинькофф, создавать продукты без сбоев — легкие и удобные, которыми готовы пользоваться сами. Линейка наших продуктов объемная, но культура и процессы общие.","Разрабатывать приложения, относящиеся к сферам банковского ПО и социальным сетям Развивать и документировать библиотеки компонентов мобильных приложений Эффективно решать нестандартные задачи","Занимались iOS-разработкой больше 2 лет Знаете Swift и Xсode Умеете проектировать клиент-серверное взаимодействие Создавали кастомные UI-компоненты Знаете ООП и структуры данных Знаете и понимаете инструменты GCD Знакомы с MVP и MVVM Понимаете CI/CD, опыт его настройки будет плюсом Опыт работы с fastlane тоже добавит вам очков",Мобильная разработка,IT,Tinkoff,Nan
47,Системный аналитик в Страхование,Nan,https://www.tinkoff.ru/career/it/system-analytics/system-analyst-insurance/,Middle,"Миссия Тинькофф -  произвести революцию на рынке Страхования за счет создания клиентоориентированных продуктов и процессов, опираясь на аналогичный опыт банка. За последний год выручка по Каско в прямом канале продаж (b2c) выросла более чем на 50%, и это не предел. Наши текущие планы роста еще более амбициозны, поэтому нам нужен Системный аналитик, который сможет привести команду и продукт к прорывным результатам! ","Сбор требований к системе в рамках проектов или доработок (внутренние заказчики) Анализ, документирование и согласование требований Проектирование архитектуры системы совместно с разработчиками Разработка детализированных постановок Консультация разработчиков и тестировщиков по поставленным задачам Взаимодействие с другими участниками процесса разработки и внедрения: аналитиками, архитекторами, второй линией поддержки",Опыт участия в развитии информационных систем в роли системного аналитика от 3 лет Понимание жизненного цикла программного обеспечения Знание основных нотаций описания процессов и ИТ-архитектуры Опыт работы с SOAP/ REST/ gRPC Базовые знания SQL Будет плюсом Опыт работы по методологии Agile Опыт работы в страховой индустрии Умение читать код Java,Системная аналитика,IT,Tinkoff,Nan
48,Системный аналитик в Инвестиции,Nan,https://www.tinkoff.ru/career/it/system-analytics/system-analyst-invest/,Middle,"Tinkoff.ru всего за год создал собственного уникального и технологичного брокера в России — это Тинькофф Инвестиции. Нам удалось сделать самый сложный финансовый продукт доступным и удобным для всех: сейчас каждый 3-й брокерский счет на Московской бирже открывается через нас. Мы уже поменяли правила игры на инвестиционном рынке, но мы не остановились и продолжаем задавать тренды. Мы активно развиваемся, растем и ищем системного аналитика, который не боится экспериментов, любит нестандартные задачи и чётко умеет формулировать мысли.","Подготовка спецификаций (сбор требований, анализ, документирование постановки) Изучение влияния предлагаемых изменений на существующие процессы и интеграции Проектирование API Помощь команде на стадии разработки и тестирования Взаимодействие с аналитиками и разработчиками смежных подразделений для уточнения вопросов или разработки нового функционала",Опыт работы системным аналитиком от 3 лет Навыки декомпозиции процессов и написания технических заданий Знание REST/gRPC Владение нотациями описания процессов (UML/BPMN) и использование их в работе Умение писать запросы к базам данных. Опыт проектирования БД будет плюсом Опыт работы с Kafka/MQ,Системная аналитика,IT,Tinkoff,Nan
49,Системный аналитик в Процессинговый центр,Nan,https://www.tinkoff.ru/career/it/system-analytics/system-analyst-processing/,Middle,"Наша команда занимается автоматизацией процессов взаимодействия с партнерами Группы (таких как расчет, документооборот и выплаты). Расчетный модуль является мастер-системой по партнёрскому тарифу.  Фактически, мы автоматизируем процессы взаимодействия с партнерами для каналов продаж Т- продуктов: кредитных/расчетных карт, кредитов, страховок, etc.","Сбор и анализ бизнес требований по разработке новых и доработке текущих решений внутри Процессингового центра: банковский процессинг, расчетный модуль банка Составление планов (проекта, договора, сдачи приёмки) Согласование и формализация требований по разработке новых и доработке текущих решений Составление технических заданий для специалистов по разработке Формирование документации для сопровождения доработок Анализ и устранение проблем, возникающих при эксплуатации Участие в построении схем взаимодействий ведение справочников, тарифов, продуктов, услуг и общих настроек","Опыт работы системным аналитиком от 3 лет Знание SQL и PL/SQL (Oracle 10g и выше) Понимание интеграционных технологий Опыт координирования разработки, тестирования и внедрения ПО Высшее техническое образование Навыки командной работы и умение быстро найти общий язык с коллегами Английский язык - чтение технической литературы Будет являться плюсом опыт работы в биллинговой системе, банковском процессинге, АБС, CRM",Системная аналитика,IT,Tinkoff,Nan
50,Системный аналитик (Tinkoff Asia),Nan,https://www.tinkoff.ru/career/it/system-analytics/sistemnyj-analitik-tinkoff-asia/,Middle,"Тинькофф выходит на международный рынок. И Филиппины только начало. Вас ждет стартап с ресурсами крупной компании: экспертиза, финансовая поддержка и сильная менеджерская команда. Приглашаем создавать новую историю! Релокация не требуется, но возможна в будущем.","Сбор и анализ бизнес требований, взаимодействие с бизнес-заказчиком Изучение влияния предлагаемых изменений на существующие процессы и интеграции Составление ТЗ для разработчиков Участие в построении архитектуры и схем взаимодействий Создание структур данных, описание алгоритмов обработки данных","Опыт работы системным аналитиком от 3 лет Навыки декомпозиции процессов и написания технических заданий Навык верхнеуровнего проектирования систем Опыт работы с SOAP/REST/gRPC, брокерами сообщений Владение нотациями описания процессов (UML/BPMN) Знание SQL. Опыт проектирования БД будет плюсом",Системная аналитика,IT,Tinkoff,Nan
51,Системный аналитик в TOP,Nan,https://www.tinkoff.ru/career/it/system-analytics/sistemnyj-analitik-top/,Middle,"Ищем системного аналитика в команду TOP - Tinkoff Origination Platform. Origination - процесс открытия продукта, который начинается с интереса клиента (например, клиенту нужна банковская карта Tinkoff) и заканчивается утилизацией, т.е. клиент совершил первую покупку по карте. Наша команда занимается автоматизацией этих процессов для всех продуктов Тинькофф. У Тинькофф много крутых продуктов и сложной бизнес логики по каждому из них. Удобство и скорость клиентских сервисов - наша основная задача. От нас зависит первое впечатление клиента о бренде Тинькофф.","Тесно общаться с бизнес заĸазчиĸами, погружаться в бизнесовую проблему Проеĸтировать интеграции со сторонними системами Формулировать ТЗ и специфиĸации разработчиĸам на основе выявленных бизнес требований Взаимодействовать с другими участниĸами процесса разработĸи: тестировщиĸами, аналитиĸами, архитеĸторами, поддержĸой","Опыт работы системным аналитиĸом от 3 лет Навыĸ систематизации и анализа большого объема информации и выявления взаимосвязей Навык верхнеуровнего проектирования систем Понимание, что таĸое SOAP и REST Знаĸомство с нотациями UML и BPMN Базовые навыĸи работы с базами данных, знание основ SQL Умение читать ĸод на Java/Kotlin/C#/C++",Системная аналитика,IT,Tinkoff,Nan
52,Системный аналитик в Управление платежных технологий,Nan,https://www.tinkoff.ru/career/it/system-analytics/system-analyst-payment-technologies/,Middle,"Приглашаем тебя присоединиться к команде платежных технологий Тинькофф. С помощью коллег тебе предстоит разобраться в большом количестве интеграций и систем, познакомиться с платежными сервисами. У тебя есть отличная возможность проявить себя, ведь системный аналитик в Тинькофф общается с продактами «на ты», ведет свои задачи от постановки до релиза, участвует во встречах «3 Амиго», находит лучшее решение поставленной задачи и отстаивает его.","Сбор и анализ бизнес требований Формирование скоупа работ и составление плана проекта Проработка интеграционного взаимодействия Согласование и формализация требований по доработкам Составление ТЗ Координация процесса разработки, тестирования, приемки и введения в эксплуатацию","Опыт работы системным аналитиком от 3 лет Опыт разработки спецификаций и постановок задач на создание/модификацию информационных систем с описанием API, модели данных, архитектуры и бизнес-процессов Опыт изучения документов и сторонних спецификаций при подготовке технических заданий Понимание принципов построения высоконагруженных систем Знание SQL Понимание REST/ SOAP/ Очередей",Системная аналитика,IT,Tinkoff,Nan
53,Системный аналитик DWH,Nan,https://www.tinkoff.ru/career/it/system-analytics/dwh-analyst/,Middle,"Группу компаний Тинькофф объединяет большое и продвинутое хранилище данных. На основе наших данных ежедневно принимаются десятки бизнес-решений, а мы делаем все, чтобы эти данные были всегда доступны и удобны для использования сотням наших потребителей. В роли системного аналитика у нас ты сможешь познакомиться со всеми процессами внутри Тинькофф Банка, Страховой, Мобайла, Инвестиций и других наших направлений. Мы постоянно совершенствуем свои подходы к работе и стараемся быть новаторами на рынке технологий.",Системный анализ источников данных Системный анализ бизнес - процессов Участие в формировании модели данных Постановка ТЗ разработчикам на основе требований бизнес-пользователя Участие в проектах по развитию DWH,"Свободное владение SQL Базовые знания ETL и проектирования DWH Круто, если ты Работал в банковской, страховой сферах или телекоме Участвовал в проектах по созданию и развитию DWH",Системная аналитика,IT,Tinkoff,Nan
54,Системный аналитик,Nan,https://www.tinkoff.ru/career/it/system-analytics/sistemnyj-analitik-union/,Middle,"Тинькофф Банк — это один из самых успешных и громких финтех проектов, когда либо осуществленных в России. Сейчас у нас открыты позиции сразу в нескольких направлениях - Международные проекты, Процессинговый центр (в том числе, АБС, PRM), SME, Открытие новых продуктов, Инвестиции и многое другое.","Сбор и анализ бизнес требований, взаимодействие с бизнес-заказчиком Обеспечение интеграционного взаимодействия систем; Составление ТЗ для разработчиков Участие в построении архитектуры и схем взаимодействий Создание структур данных, описание алгоритмов обработки данных","Опыт работы системным аналитиком от 3 лет Навыки декомпозиции процессов и написания технических заданий Навык верхнеуровнего проектирования систем Опыт работы с SOAP/REST/gRPC, брокерами сообщений Владение нотациями описания процессов (UML/BPMN) Знание SQL, опыт проектирования БД будет плюсом Технологии/инструменты Микросервисная архитектура; REST/gRPC; Kafka/RabbitMQ; SQL; UML/BPMN Детали могут варьироваться от проекта Знание какого-либо языка программирования и умение разбираться в коде будет плюсом",Системная аналитика,IT,Tinkoff,Nan
55,Системный аналитик (SME Бухгалтерия),Nan,https://www.tinkoff.ru/career/it/system-analytics/sistemnyj-analitik-sme-buhgalteriya/,Middle,"Онлайн бухгалтерия - SaaS продукт, который помогает предпринимателям легко справляться с очень сложной темой - налоги. Мы упрощаем, подсказываем, помогаем - делаем всё чтобы клиенты платили налоги и подавали отчётность, не замечая всей сложности под капотом. АУСН - новое направление онлайн-бухгалтерии, в которое мы ищем аналитика. Это экспериментальный проект Налоговой в рамках которого кардинально упрощается весь учёт и отменяется вся отчётность - лучший подарок предпринимателям в 2022 году. Это изменит рынок бухгалтерии для сегмента микро-предпринимателей. Чтобы это случилось, Тинькофф интегрируется с налоговой, для передачи данных о доходах предпринимателей, а предпринимателям даёт удобный интерфейс для оплаты налогов и получения информации о начислениях.","Сбор и анализ бизнес-требований Согласование и формализация требований по разработке (и доработкам) решений Организация и проведение встреч с заказчиками/другими системами/членами команды Тесная работа с архитектором/разработчиками в рамках продумывания встраивания новых фич в процесс Работа с командой поддержки продуктового контура, формирование документации для сопровождения доработок Выстраивание единой понятийной модели у команды разработки и бизнес-заказчиков","Знания основ SQL, опыт проектирования БД Опыт работы системным аналитиком от 3 лет Хорошие знания видов интеграции систем, опыт аналитики/архитектуры таких интеграций Опыт работы с системными требованиями (спецификация, проверка на полноту, проверка на противоречивость и т.д) Навыки документирования системных требований Хорошие навыки командной работы, умение найти общий язык с коллегами/заказчиками Знание основных методологий разработки, их плюсов и минусов Знание скриптовых ЯП (на уровне свободного чтения кода) - как плюс Знание банковских продуктов - как плюс Опыт работы с B2G сегментом - как плюс",Системная аналитика,IT,Tinkoff,Nan
56,Специалист Helpdesk,Nan,https://www.tinkoff.ru/career/it/soprovozhdenie-podderzhka/specialist-helpdesk/,Senior,"Обслуживание и установка рабочих мест, выдача оборудования Установка и настройка клиентского ПО Выполнение запросов в сфере ответственности 2-й линии Первичная диагностика и устранение массовых сбоев, в рамках своей компетенции Ведение базы данных по решению инцидентов Решение сложных задач в работе ПО сетевых доступов и прав пользователей Поддержка внутренних сервисов Работы над проектами и внедрение новых сервисов Прием, учет, организация ремонта выдаваемого оборудования Мониторинг систем Замена расходников в оргтехнике","Обслуживание и установка рабочих мест, выдача оборудования Установка и настройка клиентского ПО Выполнение запросов в сфере ответственности 2-й линии Первичная диагностика и устранение массовых сбоев, в рамках своей компетенции Ведение базы данных по решению инцидентов Решение сложных задач в работе ПО сетевых доступов и прав пользователей Поддержка внутренних сервисов Работы над проектами и внедрение новых сервисов Прием, учет, организация ремонта выдаваемого оборудования Мониторинг систем Замена расходников в оргтехнике","Отличное знание ОС семейства Windows и офисных продуктов Microsoft Базовые знания и пользовательский опыт работы с Apple MacOS Опыт администрирования рабочих станций и ноутбуков Опыт обслуживания компьютерной и оргтехники Знание основ TCPI/IP и базовых сетевых протоколов DHCP, VPN, VLAN, DNS, Proxy, Firewall Понимания принципов работы гипервизоров. и терминальной роли, RemoteApp Знание Active Directory на уровне пользователей, компьютеров, групп и NTFS разрешений Опыт работы с системами конференций и видеосвязи Хорошие коммуникативные навыки Умение быстро находить причину и локализовать неисправность Способность к документированию и обучению",Сопровождение/Поддержка,IT,Tinkoff,Nan
57,Специалист технической поддержки c SQL,Nan,https://www.tinkoff.ru/career/it/soprovozhdenie-podderzhka/specialist-tehnicheskoj-podderzhki-c-sql/,Senior,"Тинькофф – это на самом деле не Тинькофф банк, а Тинькофф банк, Тинькофф бизнес, Тинькофф инвестиции, Тинькофф мобайл, Тинькофф страхование, Тинькофф Junior, Тинькофф Путешествия, Тинькофф Журнал и Тинькофф Образование! Мы собрали команду талантливых людей, которые сделали компанию лидером на рынке финансовых технологий с самой дружелюбной круглосуточной онлайн поддержкой!","Участвовать в поддержке и создании качественных сервисов, которые помогают работать сотрудникам Решать инциденты, с которыми сталкиваются сотрудники при использовании внутренних сервисов. Для решения потребуется диагностировать и воспроизводить ошибки, оценивать массовость и влияние, искать обходные решения. Ставить задачи командам разработки и контролировать их исполнение. Реагировать на события мониторинга и обрабатывать их. Оптимизировать процессы поддержки для ускорения решения и уменьшения влияния проблем, проявлять проактивный подход,","Опыт работы в поддержке от 1 года Аналитический склад ума, самостоятельность, логика Опыт работы с системами сбора логов (graylog, kibana, splunk) Умение писать и читать SQL запросы (базовый уровень) Знание теории анализа (преимущество) Знание технологий HTTP(S), REST, JSON, SOAP (преимущество), WEB технологии (плюсом будет инструменты Chrome Dev Tools) Базовые знания теории тестирования (преимущество) Знание английского на уровне A2 и выше",Сопровождение/Поддержка,IT,Tinkoff,Nan
58,Инженер по тестированию (Tinkoff Asia),Nan,https://www.tinkoff.ru/career/it/testirovanie/qa-asia/,Middle,"Тинькофф выходит на международный рынок. И Филиппины только начало. Вас ждет стартап с ресурсами крупной компании: экспертиза, финансовая поддержка и сильная менеджерская команда. Приглашаем создавать новую историю! Релокация не требуется, но возможна в будущем.","Самостоятельное проведение функционального и автоматизированного видов тестирования (в том числе анализ и тестирование требований) Работа в продуктовой команде в рамках Agile процессов (в том числе работа с ошибками) Разработка тестовой документации, нужной на проекте (в том числе разработка приемочных критериев), подготовка тестовых данных Сопровождение релизов Поддержка работоспособности существующих процессов","Опыт работы в тестировании от 2-х лет Знание теории тестирования Четкое понимание процессов тестирования и разработки ПО Опыт тестирования Web, BackEnd (API, БД) или Mobile приложений Опыт работы с системами сбора логов (Graylog, Kibana, Splunk, Jira) Базовые знания ЯП (Java, Kotlin, Python, C#, Swift, JavaScript, TypeScript, Scala)",Тестирование,IT,Tinkoff,Nan
59,Инженер по тестированию (backend),Nan,https://www.tinkoff.ru/career/it/testirovanie/qa-backend/,1-5 лет,"Тинькофф — компания нового поколения: без отделений и очередей, мы постоянно развиваемся и добавляем новые продукты и услуги. Мы в поиске QA-backend инженеров, которые станут частью экспертного сообщества и смогут поддержать наши ценности в вопросах качества и безопасности продуктов. Среди проектов есть направления внешних и внутренних платформ для обеспечения жизни наших процессов и бизнес-инструментов.","Проводить функциональное и автоматизированное тестирование (в том числе анализировать и тестировать требования) Работать в продуктовой команде в рамках Agile процессов (в том числе работать с ошибками) Разрабатывать тестовую документацию для проекта (в том числе разрабатывать приемочные критерии), готовить тестовые данные Сопровождать релизы","Имеешь опыт тестирования backend (API (SOAP/REST), базы данных) от 2 лет Знаешь один из языков программирования (Java, Kotlin, Python, C#, C++, Scala, Go) Понимаешь техники тест-дизайна, имеешь опыт разработки тестовой документации, анализируешь спецификации Понимаешь основы процесса автоматизации, подходы к автоматизации (BDD, TDD, и т.д.) Работаешь с SQL (знаешь типы данных и их преобразование, умеешь составлять запросы с вложенными запросами, используешь JOIN) Работаешь с системами логирования, читаешь логи (отчеты, алерты, дашборды); работаешь с файловой системой и папками с помощью консольных команд",Тестирование,IT,Tinkoff,Nan
60,Инженер по нагрузочному тестированию,Nan,https://www.tinkoff.ru/career/it/testirovanie/qa_load/,Middle,"Тинькофф — компания нового поколения: без отделений и очередей, мы постоянно развиваемся и добавляем новые продукты и услуги. Мы в поиске QA-backend инженеров, которые станут частью экспертного сообщества и смогут поддержать наши ценности в вопросах качества и безопасности продуктов. Среди проектов есть направления внешних и внутренних платформ для обеспечения жизни наших процессов и бизнес-инструментов.","Анализировать требования нагрузочного тестирования, оценивать и планировать работы по нему; Разрабатывать средства нагрузочного тестирования – скрипты, эмуляторы и утилиты генерации тестовых данных, мониторинга и отчётности; Проводить диагностику проблем с производительностью приложений и БД (PostgreSQL, Oracle), собирать и анализировать полученные данные; Интегрировать тесты в процессы CI/CD (Jenkins/TeamCity/Gitlab).","Опыт работы с инструментами нагрузочного тестирования (JMeter/LoadRunner/Gatling); Опыт ведения проектов полного цикла по нагрузочному тестированию; Знание основ реляционных БД и языка SQL на уровне join запросов; Знание ЯП на уровне написания эмуляторов внешних систем; Опыт работы с системами контроля версий (Git); Опыт работы с *nix системами, сетевыми и прикладными протоколами; Базовые знания статистики и анализа данных. Дополнительным плюсом будет: Знание протокола ISO-8583; Опыт проведения Capacity Planning; Знание Openstack, Ansible, Docker; Опыт организации тестовых сред.",Тестирование,IT,Tinkoff,Nan
61,Инженер по тестированию,Nan,https://www.tinkoff.ru/career/it/testirovanie/qa/,Middle,"Тинькофф — компания нового поколения: без отделений и очередей. Все операции проводятся мгновенно по телефону или через интернет. Мы постоянно развиваемся, добавляем новые продукты и услуги. Поэтому нашей команде нужны QA специалисты. Ищем именно full-stack тестировщика, который бы занимался и ручным тестированием, и автоматизацией.","Проведение функционального, интеграционных и регрессионного тестирования Анализ документации и составление тестовых сценариев Работа с дефектами: регресс, локализация и документирование найденных дефектов в системе баг-трекинга (Jira) Анализ и тестирование требований Автоматизация тест-кейсов Принятие участия в улучшении процессов разработки и тестирования Анализ результатов тестирования","Опыт работы в тестировании от 2-х лет Знание теории тестирования Четкое понимание процессов тестирования и разработки ПО Опыт тестирования Web, BackEnd (API, БД) или Mobile приложений Опыт работы с системами сбора логов (Graylog, Kibana, Splunk, Jira) Базовые знания ЯП (Java, Kotlin, Python, C#, Swift, JavaScript, TypeScript, Scala)",Тестирование,IT,Tinkoff,Nan
62,Инженер по автоматизации (Android),Nan,https://www.tinkoff.ru/career/it/testirovanie/qa-auto-android/,Middle,"Тинькофф — компания нового поколения: без отделений и очередей, мы постоянно развиваемся и добавляем новые продукты и услуги. Наша команда по автоматизированному тестированию также растет, и сейчас мы в поиске инженера по автоматизации тестирования мобильных приложений на Android, который готов 100% своего времени уделять автоматизации и работе с кодом.","Автоматизировать процессы разработки, тестирования и выкладки приложений Выстраивать CI/CD pipeline доставки мобильных приложений Оптимизировать время работы тестовых прогонов Взаимодействовать с менеджерами, командами разработки, тестирования и автоматизации","Опыт мобильной разработки/автоматизации тестирования мобильных приложений от 1 года Владение высокоуровневым языком программирования (Java или Kotlin) Знание фреймворков тестирования (JUnit/Espresso/UI Automator) Знание SQL (SELECT, JOIN, FK vs PK, операторы агрегации и т.д.) Опыт настройки CI/CD с помощью TeamCity/Jenkins/GitLab Опыт использования системы сборки (Maven/Gradle/Fastlane) Понимание гибких методологий разработки, ценностей и процессов",Тестирование,IT,Tinkoff,Nan
63,Инженер по тестированию (web),Nan,https://www.tinkoff.ru/career/it/testirovanie/qa-web/,1-5 лет,"Тинькофф — компания нового поколения: без отделений и очередей, мы постоянно развиваемся и добавляем новые продукты и услуги. Мы в поиске QA-web инженеров, которые станут частью экспертного сообщества и смогут поддержать наши ценности в вопросах качества и безопасности продуктов. Среди проектов есть направления внешних и внутренних платформ для обеспечения жизни наших процессов и бизнес-инструментов.","Проводить функциональное и автоматизированное тестирование (в том числе анализировать и тестировать требования) Работать в продуктовой команде в рамках Agile процессов (в том числе работать с ошибками) Разрабатывать тестовую документацию для проекта (в том числе разрабатывать приемочные критерии), готовить тестовые данные Сопровождать релизы","Имеешь опыт тестирования фронтенда от 2 лет Имеешь опыт разработки автоматизированных сценариев (JavaScript/TypeScript, Java, Kotlin, Python, C#) Имеешь опыт работы с dev tools, снифферами траффика, системами логирования (Splunk/ Graylog/ Kibana и тп) Имеешь опыт работы с REST API, Swagger, HTTP/HTTPS, JSON Понимаешь принципы работы реляционных СУБД, знание языка SQL",Тестирование,IT,Tinkoff,Nan
64,Инженер по автоматизации (Java),Nan,https://www.tinkoff.ru/career/it/testirovanie/qa_auto_java/,Senior,"Тинькофф — компания нового поколения: без отделений и очередей, мы постоянно развиваемся и добавляем новые продукты и услуги. Наша команда по автоматизированному тестированию также растет, и сейчас мы в поиске инженера по автоматизации тестирования с использованием Java/Kotlin, который готов бОльшую часть своего времени уделять автоматизации и работе с кодом.","Автоматизация процессов тестирования и разработки Автоматизация сбора статистики, составления отчетов по результатам запуска автотестов Разработка qa-tools для команды тестирования Разработка и поддержка окружения для запуска автотестов (Gitlab, k8s, etc) Привлечение функциональных тестировщиков к автоматизации регрессионных сценариев Участие в процессе code review","Опыт работы в качестве автоматизатора тестирования/SDET от 2-х лет Уверенное знание и опыт разработки автоматизированных сценариев на Java/Kotlin Опыт автоматизации с использования фреймворка TestNG/JUnit Опыт работы с REST API, SOAP API, HTTP/HTTPS Знание SQL (DML, DDL запросы, знание JOIN, группировок и агрегирующих функций) Опыт использования системы сборки (Maven, Gradle и др.) Опыт настройки CI/CD с помощью TeamCity/Jenkins/GitLab Понимание гибких методологий разработки, ценностей и процессов",Тестирование,IT,Tinkoff,Nan
65,Инженер по тестированию (mobile),Nan,https://www.tinkoff.ru/career/it/testirovanie/qa-mobile-/,1-5 лет,"Тинькофф — компания нового поколения: без отделений и очередей, мы постоянно развиваемся и добавляем новые продукты и услуги. Мы в поиске QA-mobile инженеров, которые станут частью экспертного сообщества и смогут поддержать наши ценности в вопросах качества и безопасности продуктов. Среди проектов есть направления внешних и внутренних платформ для обеспечения жизни наших процессов и бизнес-инструментов.","Тестировать мобильные приложений на платформах iOS/Android Составлять тестовую документацию, в том числе разрабатывать приемочные критерии Сопровождать релизы Анализировать функционал на наличие слабых мест, выявлять дефекты и контролировать их исправление","Уверенно работаешь мобильным тестировщиком более 2 лет Знаешь один из языков программирования (Java/Kotlin, JS/TS, Swift, Python, C#) Работаешь с системами контроля версий Работаешь с REST API, HTTP/HTTPS, JSON Используешь в работе снифферы трафика (Charles, Fiddler и т.д) Имеешь опыт использования mock-сервисов при тестировании функционала Плюсом будет, если ты имеешь опыт работы с XCTest, UIAutomator; Allure, JUnit, Maven / Gradle, а также понимаешь процессы CI/CD.",Тестирование,IT,Tinkoff,Nan
